3761	2026-06-29T17:07:49.0000000000	migration_data/artifacts/class_notebooks_and_code/camera_api.py
8179	2024-11-12T16:03:29.0000000000	migration_data/artifacts/class_notebooks_and_code/Project/python/notebook/20241025_test/autocar_module_test.ipynb
1563	2024-11-12T16:01:45.0000000000	migration_data/artifacts/class_notebooks_and_code/Project/python/notebook/20241025_test/ws.log
829	2026-07-10T13:57:22.0000000000	migration_data/artifacts/class_notebooks_and_code/Project/python/notebook/a31_tracking.ipynb
44198	2021-03-15T18:54:37.0000000000	migration_data/artifacts/class_notebooks_and_code/Project/python/notebook/AIoT_AutoCar_Code.ipynb
13470	2021-03-15T18:55:26.0000000000	migration_data/artifacts/class_notebooks_and_code/Project/python/notebook/AIoT AutoCar Prime Board Test.ipynb
31770	2026-07-03T15:12:56.0000000000	migration_data/artifacts/class_notebooks_and_code/Project/python/notebook/AIoT AutoCar Prime Board Test_v1.0.3 (모터수정).ipynb
4569	2021-03-15T18:54:37.0000000000	migration_data/artifacts/class_notebooks_and_code/Project/python/notebook/Audio.ipynb
8423	2024-11-12T16:04:01.0000000000	migration_data/artifacts/class_notebooks_and_code/Project/python/notebook/autocar_module_test.ipynb
6445	2021-03-15T18:54:37.0000000000	migration_data/artifacts/class_notebooks_and_code/Project/python/notebook/CV2.ipynb
2973	2021-03-15T18:54:37.0000000000	migration_data/artifacts/class_notebooks_and_code/Project/python/notebook/CV2.py
6321	2021-03-15T18:54:37.0000000000	migration_data/artifacts/class_notebooks_and_code/Project/python/notebook/CV.ipynb
1882	2021-03-15T18:54:37.0000000000	migration_data/artifacts/class_notebooks_and_code/Project/python/notebook/CV.py
8352	2021-03-15T18:54:37.0000000000	migration_data/artifacts/class_notebooks_and_code/Project/python/notebook/en_tts.mp3
285525	2021-03-15T18:54:37.0000000000	migration_data/artifacts/class_notebooks_and_code/Project/python/notebook/face_tracking.ipynb
2600	2021-03-15T18:54:36.0000000000	migration_data/artifacts/class_notebooks_and_code/Project/python/notebook/face_tracking.py
6509	2026-07-02T17:06:54.0000000000	migration_data/artifacts/class_notebooks_and_code/Project/python/notebook/freeze.txt
18367	2026-06-29T16:49:03.0000000000	migration_data/artifacts/class_notebooks_and_code/Project/python/notebook/gong_rc_2026/a01_test.ipynb
2275	2026-06-30T10:33:01.0000000000	migration_data/artifacts/class_notebooks_and_code/Project/python/notebook/gong_rc_2026/a02_detect_outline.ipynb
2646	2026-06-30T11:54:59.0000000000	migration_data/artifacts/class_notebooks_and_code/Project/python/notebook/gong_rc_2026/a03_haar_cascade.ipynb
1561	2026-06-30T17:02:22.0000000000	migration_data/artifacts/class_notebooks_and_code/Project/python/notebook/gong_rc_2026/a04_sound_blocking.ipynb
4724	2026-06-30T15:03:43.0000000000	migration_data/artifacts/class_notebooks_and_code/Project/python/notebook/gong_rc_2026/a05_sound_non_block.ipynb
72863	2026-06-30T16:46:27.0000000000	migration_data/artifacts/class_notebooks_and_code/Project/python/notebook/gong_rc_2026/a06_sine_wave.ipynb
7909	2026-06-30T17:16:59.0000000000	migration_data/artifacts/class_notebooks_and_code/Project/python/notebook/gong_rc_2026/a07_record.ipynb
1726	2026-07-01T09:50:23.0000000000	migration_data/artifacts/class_notebooks_and_code/Project/python/notebook/gong_rc_2026/a08_AudioPlay.ipynb
2780	2026-07-01T10:35:40.0000000000	migration_data/artifacts/class_notebooks_and_code/Project/python/notebook/gong_rc_2026/a09_gTTS.py.ipynb
8587	2026-07-01T11:57:21.0000000000	migration_data/artifacts/class_notebooks_and_code/Project/python/notebook/gong_rc_2026/a10_googleAssistance.ipynb
53365	2026-07-03T11:23:52.0000000000	migration_data/artifacts/class_notebooks_and_code/Project/python/notebook/gong_rc_2026/a11_lidar.ipynb
10150	2026-07-07T15:42:45.0000000000	migration_data/artifacts/class_notebooks_and_code/Project/python/notebook/gong_rc_2026/a12_led.ipynb
3635	2026-07-03T11:43:57.0000000000	migration_data/artifacts/class_notebooks_and_code/Project/python/notebook/gong_rc_2026/a13_8_led.ipynb
25805	2026-07-06T13:44:14.0000000000	migration_data/artifacts/class_notebooks_and_code/Project/python/notebook/gong_rc_2026/a14_linear_regresstion.ipynb
5364	2026-07-06T13:59:28.0000000000	migration_data/artifacts/class_notebooks_and_code/Project/python/notebook/gong_rc_2026/a15_logistic.ipynb
3448	2026-07-06T15:17:52.0000000000	migration_data/artifacts/class_notebooks_and_code/Project/python/notebook/gong_rc_2026/a16_softmax.ipynb
4709	2026-07-07T10:24:41.0000000000	migration_data/artifacts/class_notebooks_and_code/Project/python/notebook/gong_rc_2026/a17_perceptron.ipynb
4884	2026-07-07T11:32:43.0000000000	migration_data/artifacts/class_notebooks_and_code/Project/python/notebook/gong_rc_2026/a18_ann.ipynb
1869	2026-07-07T11:49:45.0000000000	migration_data/artifacts/class_notebooks_and_code/Project/python/notebook/gong_rc_2026/a19_dnn.ipynb
2425	2026-07-08T11:09:53.0000000000	migration_data/artifacts/class_notebooks_and_code/Project/python/notebook/gong_rc_2026/a20_cnn.ipynb
101507	2026-07-08T14:36:10.0000000000	migration_data/artifacts/class_notebooks_and_code/Project/python/notebook/gong_rc_2026/a21_dqn.ipynb
7731	2026-07-08T14:55:06.0000000000	migration_data/artifacts/class_notebooks_and_code/Project/python/notebook/gong_rc_2026/a22_cartpole.ipynb
2411	2026-07-08T15:05:15.0000000000	migration_data/artifacts/class_notebooks_and_code/Project/python/notebook/gong_rc_2026/a23_tensorflow.ipynb
2943	2026-07-08T15:42:50.0000000000	migration_data/artifacts/class_notebooks_and_code/Project/python/notebook/gong_rc_2026/a24_v1_linear.ipynb
2586	2026-07-08T16:03:27.0000000000	migration_data/artifacts/class_notebooks_and_code/Project/python/notebook/gong_rc_2026/a25_v2_linear.ipynb
2408	2026-07-08T16:18:34.0000000000	migration_data/artifacts/class_notebooks_and_code/Project/python/notebook/gong_rc_2026/a26_v1_ann.ipynb
27681	2026-07-08T16:37:17.0000000000	migration_data/artifacts/class_notebooks_and_code/Project/python/notebook/gong_rc_2026/a27_v1_dnn.ipynb
5586	2026-07-08T16:42:18.0000000000	migration_data/artifacts/class_notebooks_and_code/Project/python/notebook/gong_rc_2026/a28_v2_dnn.ipynb
65999	2026-07-09T11:26:59.0000000000	migration_data/artifacts/class_notebooks_and_code/Project/python/notebook/gong_rc_2026/a29_wheel_alignment.ipynb
34762	2026-07-09T15:00:41.0000000000	migration_data/artifacts/class_notebooks_and_code/Project/python/notebook/gong_rc_2026/a30_car_balancing.ipynb
11993	2026-07-13T16:26:28.0000000000	migration_data/artifacts/class_notebooks_and_code/Project/python/notebook/gong_rc_2026/a31_collision_avoid.ipynb
85	2026-07-07T11:28:23.0000000000	migration_data/artifacts/class_notebooks_and_code/Project/python/notebook/gong_rc_2026/ANN_models/checkpoint
2034	2026-07-07T11:28:23.0000000000	migration_data/artifacts/class_notebooks_and_code/Project/python/notebook/gong_rc_2026/ANN_models/model.ckpt-100.data-00000-of-00002
900	2026-07-07T11:28:23.0000000000	migration_data/artifacts/class_notebooks_and_code/Project/python/notebook/gong_rc_2026/ANN_models/model.ckpt-100.data-00001-of-00002
1200	2026-07-07T11:28:23.0000000000	migration_data/artifacts/class_notebooks_and_code/Project/python/notebook/gong_rc_2026/ANN_models/model.ckpt-100.index
2034	2026-07-07T11:19:14.0000000000	migration_data/artifacts/class_notebooks_and_code/Project/python/notebook/gong_rc_2026/ANN_models/model.ckpt-1100.data-00000-of-00002
900	2026-07-07T11:19:14.0000000000	migration_data/artifacts/class_notebooks_and_code/Project/python/notebook/gong_rc_2026/ANN_models/model.ckpt-1100.data-00001-of-00002
1200	2026-07-07T11:19:14.0000000000	migration_data/artifacts/class_notebooks_and_code/Project/python/notebook/gong_rc_2026/ANN_models/model.ckpt-1100.index
85	2026-07-08T11:05:14.0000000000	migration_data/artifacts/class_notebooks_and_code/Project/python/notebook/gong_rc_2026/CNN_models/checkpoint
3707	2026-07-08T11:05:14.0000000000	migration_data/artifacts/class_notebooks_and_code/Project/python/notebook/gong_rc_2026/CNN_models/model.ckpt-100.data-00000-of-00002
2540304	2026-07-08T11:05:14.0000000000	migration_data/artifacts/class_notebooks_and_code/Project/python/notebook/gong_rc_2026/CNN_models/model.ckpt-100.data-00001-of-00002
2115	2026-07-08T11:05:14.0000000000	migration_data/artifacts/class_notebooks_and_code/Project/python/notebook/gong_rc_2026/CNN_models/model.ckpt-100.index
54885	2026-07-13T16:22:44.0000000000	migration_data/artifacts/class_notebooks_and_code/Project/python/notebook/gong_rc_2026/collision_dataset/blocked/2026-07-13 16:22:44.47.jpg
56830	2026-07-13T16:22:32.0000000000	migration_data/artifacts/class_notebooks_and_code/Project/python/notebook/gong_rc_2026/collision_dataset/free/2026-07-13 16:22:32.98.jpg
85	2026-07-07T11:45:36.0000000000	migration_data/artifacts/class_notebooks_and_code/Project/python/notebook/gong_rc_2026/DNN_models/checkpoint
5175	2026-07-07T11:45:34.0000000000	migration_data/artifacts/class_notebooks_and_code/Project/python/notebook/gong_rc_2026/DNN_models/model.ckpt-100.data-00000-of-00002
6048	2026-07-07T11:45:35.0000000000	migration_data/artifacts/class_notebooks_and_code/Project/python/notebook/gong_rc_2026/DNN_models/model.ckpt-100.data-00001-of-00002
2789	2026-07-07T11:45:36.0000000000	migration_data/artifacts/class_notebooks_and_code/Project/python/notebook/gong_rc_2026/DNN_models/model.ckpt-100.index
87	2026-07-09T14:26:30.0000000000	migration_data/artifacts/class_notebooks_and_code/Project/python/notebook/gong_rc_2026/dnn_yaw_attitude_control_1783574508/checkpoint
5163	2026-07-09T14:26:30.0000000000	migration_data/artifacts/class_notebooks_and_code/Project/python/notebook/gong_rc_2026/dnn_yaw_attitude_control_1783574508/model.ckpt-1000.data-00000-of-00002
5916	2026-07-09T14:26:30.0000000000	migration_data/artifacts/class_notebooks_and_code/Project/python/notebook/gong_rc_2026/dnn_yaw_attitude_control_1783574508/model.ckpt-1000.data-00001-of-00002
2789	2026-07-09T14:26:30.0000000000	migration_data/artifacts/class_notebooks_and_code/Project/python/notebook/gong_rc_2026/dnn_yaw_attitude_control_1783574508/model.ckpt-1000.index
87	2026-07-09T14:51:30.0000000000	migration_data/artifacts/class_notebooks_and_code/Project/python/notebook/gong_rc_2026/dnn_yaw_attitude_control_1783576011/checkpoint
5151	2026-07-09T14:51:30.0000000000	migration_data/artifacts/class_notebooks_and_code/Project/python/notebook/gong_rc_2026/dnn_yaw_attitude_control_1783576011/model.ckpt-1000.data-00000-of-00002
5916	2026-07-09T14:51:30.0000000000	migration_data/artifacts/class_notebooks_and_code/Project/python/notebook/gong_rc_2026/dnn_yaw_attitude_control_1783576011/model.ckpt-1000.data-00001-of-00002
2789	2026-07-09T14:51:30.0000000000	migration_data/artifacts/class_notebooks_and_code/Project/python/notebook/gong_rc_2026/dnn_yaw_attitude_control_1783576011/model.ckpt-1000.index
87	2026-07-09T14:57:30.0000000000	migration_data/artifacts/class_notebooks_and_code/Project/python/notebook/gong_rc_2026/dnn_yaw_attitude_control_1783576393/checkpoint
5175	2026-07-09T14:57:30.0000000000	migration_data/artifacts/class_notebooks_and_code/Project/python/notebook/gong_rc_2026/dnn_yaw_attitude_control_1783576393/model.ckpt-1000.data-00000-of-00002
5916	2026-07-09T14:57:30.0000000000	migration_data/artifacts/class_notebooks_and_code/Project/python/notebook/gong_rc_2026/dnn_yaw_attitude_control_1783576393/model.ckpt-1000.data-00001-of-00002
2789	2026-07-09T14:57:30.0000000000	migration_data/artifacts/class_notebooks_and_code/Project/python/notebook/gong_rc_2026/dnn_yaw_attitude_control_1783576393/model.ckpt-1000.index
87	2026-07-09T14:36:19.0000000000	migration_data/artifacts/class_notebooks_and_code/Project/python/notebook/gong_rc_2026/dnn_yaw_attitude_control/checkpoint
5199	2026-07-09T14:36:19.0000000000	migration_data/artifacts/class_notebooks_and_code/Project/python/notebook/gong_rc_2026/dnn_yaw_attitude_control/model.ckpt-1000.data-00000-of-00002
5916	2026-07-09T14:36:19.0000000000	migration_data/artifacts/class_notebooks_and_code/Project/python/notebook/gong_rc_2026/dnn_yaw_attitude_control/model.ckpt-1000.data-00001-of-00002
2789	2026-07-09T14:36:19.0000000000	migration_data/artifacts/class_notebooks_and_code/Project/python/notebook/gong_rc_2026/dnn_yaw_attitude_control/model.ckpt-1000.index
24960	2026-07-01T10:28:43.0000000000	migration_data/artifacts/class_notebooks_and_code/Project/python/notebook/gong_rc_2026/en_tts.mp3
275262	2026-07-01T10:35:36.0000000000	migration_data/artifacts/class_notebooks_and_code/Project/python/notebook/gong_rc_2026/en_tts.wav
36480	2026-07-01T10:20:42.0000000000	migration_data/artifacts/class_notebooks_and_code/Project/python/notebook/gong_rc_2026/hello.mp3
58162	2026-07-01T10:41:23.0000000000	migration_data/artifacts/class_notebooks_and_code/Project/python/notebook/gong_rc_2026/hello.wav
110662	2026-06-29T15:08:06.0000000000	migration_data/artifacts/class_notebooks_and_code/Project/python/notebook/gong_rc_2026/img.jpg
8217	2026-06-29T16:18:18.0000000000	migration_data/artifacts/class_notebooks_and_code/Project/python/notebook/gong_rc_2026/img_rgb_10.jpg
921654	2026-06-29T16:17:44.0000000000	migration_data/artifacts/class_notebooks_and_code/Project/python/notebook/gong_rc_2026/img_rgb.bmp
110957	2026-06-29T15:59:34.0000000000	migration_data/artifacts/class_notebooks_and_code/Project/python/notebook/gong_rc_2026/img_rgb.jpg
87	2026-07-09T13:52:39.0000000000	migration_data/artifacts/class_notebooks_and_code/Project/python/notebook/gong_rc_2026/linear_regression_models/checkpoint
1254	2026-07-09T10:31:21.0000000000	migration_data/artifacts/class_notebooks_and_code/Project/python/notebook/gong_rc_2026/linear_regression_models/model.ckpt-10000.data-00000-of-00002
48	2026-07-09T10:31:21.0000000000	migration_data/artifacts/class_notebooks_and_code/Project/python/notebook/gong_rc_2026/linear_regression_models/model.ckpt-10000.data-00001-of-00002
799	2026-07-09T10:31:21.0000000000	migration_data/artifacts/class_notebooks_and_code/Project/python/notebook/gong_rc_2026/linear_regression_models/model.ckpt-10000.index
1254	2026-07-06T10:37:30.0000000000	migration_data/artifacts/class_notebooks_and_code/Project/python/notebook/gong_rc_2026/linear_regression_models/model.ckpt-100.data-00000-of-00002
48	2026-07-06T10:37:30.0000000000	migration_data/artifacts/class_notebooks_and_code/Project/python/notebook/gong_rc_2026/linear_regression_models/model.ckpt-100.data-00001-of-00002
799	2026-07-06T10:37:30.0000000000	migration_data/artifacts/class_notebooks_and_code/Project/python/notebook/gong_rc_2026/linear_regression_models/model.ckpt-100.index
1254	2026-07-06T10:39:32.0000000000	migration_data/artifacts/class_notebooks_and_code/Project/python/notebook/gong_rc_2026/linear_regression_models/model.ckpt-1100.data-00000-of-00002
48	2026-07-06T10:39:32.0000000000	migration_data/artifacts/class_notebooks_and_code/Project/python/notebook/gong_rc_2026/linear_regression_models/model.ckpt-1100.data-00001-of-00002
799	2026-07-06T10:39:32.0000000000	migration_data/artifacts/class_notebooks_and_code/Project/python/notebook/gong_rc_2026/linear_regression_models/model.ckpt-1100.index
1266	2026-07-09T10:49:09.0000000000	migration_data/artifacts/class_notebooks_and_code/Project/python/notebook/gong_rc_2026/linear_regression_models/model.ckpt-2000.data-00000-of-00002
48	2026-07-09T10:49:09.0000000000	migration_data/artifacts/class_notebooks_and_code/Project/python/notebook/gong_rc_2026/linear_regression_models/model.ckpt-2000.data-00001-of-00002
799	2026-07-09T10:49:09.0000000000	migration_data/artifacts/class_notebooks_and_code/Project/python/notebook/gong_rc_2026/linear_regression_models/model.ckpt-2000.index
1254	2026-07-09T13:52:39.0000000000	migration_data/artifacts/class_notebooks_and_code/Project/python/notebook/gong_rc_2026/linear_regression_models/model.ckpt-5000.data-00000-of-00002
48	2026-07-09T13:52:39.0000000000	migration_data/artifacts/class_notebooks_and_code/Project/python/notebook/gong_rc_2026/linear_regression_models/model.ckpt-5000.data-00001-of-00002
799	2026-07-09T13:52:39.0000000000	migration_data/artifacts/class_notebooks_and_code/Project/python/notebook/gong_rc_2026/linear_regression_models/model.ckpt-5000.index
89	2026-07-06T13:51:49.0000000000	migration_data/artifacts/class_notebooks_and_code/Project/python/notebook/gong_rc_2026/logistic_regression_models/checkpoint
1254	2026-07-06T13:49:19.0000000000	migration_data/artifacts/class_notebooks_and_code/Project/python/notebook/gong_rc_2026/logistic_regression_models/model.ckpt-100.data-00000-of-00002
48	2026-07-06T13:49:19.0000000000	migration_data/artifacts/class_notebooks_and_code/Project/python/notebook/gong_rc_2026/logistic_regression_models/model.ckpt-100.data-00001-of-00002
799	2026-07-06T13:49:19.0000000000	migration_data/artifacts/class_notebooks_and_code/Project/python/notebook/gong_rc_2026/logistic_regression_models/model.ckpt-100.index
1254	2026-07-06T13:51:49.0000000000	migration_data/artifacts/class_notebooks_and_code/Project/python/notebook/gong_rc_2026/logistic_regression_models/model.ckpt-10100.data-00000-of-00002
48	2026-07-06T13:51:49.0000000000	migration_data/artifacts/class_notebooks_and_code/Project/python/notebook/gong_rc_2026/logistic_regression_models/model.ckpt-10100.data-00001-of-00002
799	2026-07-06T13:51:49.0000000000	migration_data/artifacts/class_notebooks_and_code/Project/python/notebook/gong_rc_2026/logistic_regression_models/model.ckpt-10100.index
81	2026-07-06T13:57:33.0000000000	migration_data/artifacts/class_notebooks_and_code/Project/python/notebook/gong_rc_2026/model_1/checkpoint
730	2026-07-06T13:57:33.0000000000	migration_data/artifacts/class_notebooks_and_code/Project/python/notebook/gong_rc_2026/model_1/model.ckpt-0.data-00000-of-00002
32	2026-07-06T13:57:33.0000000000	migration_data/artifacts/class_notebooks_and_code/Project/python/notebook/gong_rc_2026/model_1/model.ckpt-0.data-00001-of-00002
541	2026-07-06T13:57:33.0000000000	migration_data/artifacts/class_notebooks_and_code/Project/python/notebook/gong_rc_2026/model_1/model.ckpt-0.index
481324	2026-07-01T09:48:52.0000000000	migration_data/artifacts/class_notebooks_and_code/Project/python/notebook/gong_rc_2026/my_record.wav
696364	2026-06-30T17:10:10.0000000000	migration_data/artifacts/class_notebooks_and_code/Project/python/notebook/gong_rc_2026/out_loud.wav
696364	2026-06-30T17:10:10.0000000000	migration_data/artifacts/class_notebooks_and_code/Project/python/notebook/gong_rc_2026/out.wav
87	2026-07-07T10:22:41.0000000000	migration_data/artifacts/class_notebooks_and_code/Project/python/notebook/gong_rc_2026/perceptron_models/checkpoint
1254	2026-07-07T09:58:06.0000000000	migration_data/artifacts/class_notebooks_and_code/Project/python/notebook/gong_rc_2026/perceptron_models/model.ckpt-100.data-00000-of-00002
72	2026-07-07T09:58:06.0000000000	migration_data/artifacts/class_notebooks_and_code/Project/python/notebook/gong_rc_2026/perceptron_models/model.ckpt-100.data-00001-of-00002
799	2026-07-07T09:58:06.0000000000	migration_data/artifacts/class_notebooks_and_code/Project/python/notebook/gong_rc_2026/perceptron_models/model.ckpt-100.index
1254	2026-07-07T10:22:41.0000000000	migration_data/artifacts/class_notebooks_and_code/Project/python/notebook/gong_rc_2026/perceptron_models/model.ckpt-1100.data-00000-of-00002
72	2026-07-07T10:22:41.0000000000	migration_data/artifacts/class_notebooks_and_code/Project/python/notebook/gong_rc_2026/perceptron_models/model.ckpt-1100.data-00001-of-00002
799	2026-07-07T10:22:41.0000000000	migration_data/artifacts/class_notebooks_and_code/Project/python/notebook/gong_rc_2026/perceptron_models/model.ckpt-1100.index
499	2026-07-09T10:45:15.0000000000	migration_data/artifacts/class_notebooks_and_code/Project/python/notebook/gong_rc_2026/steering_calibration.json
1541	2026-07-10T10:57:28.0000000000	migration_data/artifacts/class_notebooks_and_code/Project/python/notebook/gong_rc_2026/video_test.ipynb
87	2026-07-09T11:00:05.0000000000	migration_data/artifacts/class_notebooks_and_code/Project/python/notebook/gong_rc_2026/wheel_alignment_1783562398/checkpoint
1266	2026-07-09T11:00:05.0000000000	migration_data/artifacts/class_notebooks_and_code/Project/python/notebook/gong_rc_2026/wheel_alignment_1783562398/model.ckpt-1000.data-00000-of-00002
48	2026-07-09T11:00:05.0000000000	migration_data/artifacts/class_notebooks_and_code/Project/python/notebook/gong_rc_2026/wheel_alignment_1783562398/model.ckpt-1000.data-00001-of-00002
799	2026-07-09T11:00:05.0000000000	migration_data/artifacts/class_notebooks_and_code/Project/python/notebook/gong_rc_2026/wheel_alignment_1783562398/model.ckpt-1000.index
87	2026-07-09T11:15:07.0000000000	migration_data/artifacts/class_notebooks_and_code/Project/python/notebook/gong_rc_2026/wheel_alignment_1783563300/checkpoint
1266	2026-07-09T11:15:07.0000000000	migration_data/artifacts/class_notebooks_and_code/Project/python/notebook/gong_rc_2026/wheel_alignment_1783563300/model.ckpt-1000.data-00000-of-00002
48	2026-07-09T11:15:07.0000000000	migration_data/artifacts/class_notebooks_and_code/Project/python/notebook/gong_rc_2026/wheel_alignment_1783563300/model.ckpt-1000.data-00001-of-00002
799	2026-07-09T11:15:07.0000000000	migration_data/artifacts/class_notebooks_and_code/Project/python/notebook/gong_rc_2026/wheel_alignment_1783563300/model.ckpt-1000.index
87	2026-07-09T11:25:20.0000000000	migration_data/artifacts/class_notebooks_and_code/Project/python/notebook/gong_rc_2026/wheel_alignment_1783563913/checkpoint
1266	2026-07-09T11:25:20.0000000000	migration_data/artifacts/class_notebooks_and_code/Project/python/notebook/gong_rc_2026/wheel_alignment_1783563913/model.ckpt-1000.data-00000-of-00002
48	2026-07-09T11:25:20.0000000000	migration_data/artifacts/class_notebooks_and_code/Project/python/notebook/gong_rc_2026/wheel_alignment_1783563913/model.ckpt-1000.data-00001-of-00002
799	2026-07-09T11:25:20.0000000000	migration_data/artifacts/class_notebooks_and_code/Project/python/notebook/gong_rc_2026/wheel_alignment_1783563913/model.ckpt-1000.index
81	2026-07-09T10:53:46.0000000000	migration_data/artifacts/class_notebooks_and_code/Project/python/notebook/gong_rc_2026/wheel_alignment_left/checkpoint
1266	2026-07-09T10:53:46.0000000000	migration_data/artifacts/class_notebooks_and_code/Project/python/notebook/gong_rc_2026/wheel_alignment_left/model.ckpt-0.data-00000-of-00002
48	2026-07-09T10:53:46.0000000000	migration_data/artifacts/class_notebooks_and_code/Project/python/notebook/gong_rc_2026/wheel_alignment_left/model.ckpt-0.data-00001-of-00002
799	2026-07-09T10:53:46.0000000000	migration_data/artifacts/class_notebooks_and_code/Project/python/notebook/gong_rc_2026/wheel_alignment_left/model.ckpt-0.index
87	2026-07-09T10:53:50.0000000000	migration_data/artifacts/class_notebooks_and_code/Project/python/notebook/gong_rc_2026/wheel_alignment_right/checkpoint
1266	2026-07-09T10:53:50.0000000000	migration_data/artifacts/class_notebooks_and_code/Project/python/notebook/gong_rc_2026/wheel_alignment_right/model.ckpt-1000.data-00000-of-00002
48	2026-07-09T10:53:50.0000000000	migration_data/artifacts/class_notebooks_and_code/Project/python/notebook/gong_rc_2026/wheel_alignment_right/model.ckpt-1000.data-00001-of-00002
799	2026-07-09T10:53:50.0000000000	migration_data/artifacts/class_notebooks_and_code/Project/python/notebook/gong_rc_2026/wheel_alignment_right/model.ckpt-1000.index
359	2026-07-13T16:22:28.0000000000	migration_data/artifacts/class_notebooks_and_code/Project/python/notebook/gong_rc_2026/ws.log
110662	2021-03-15T18:54:36.0000000000	migration_data/artifacts/class_notebooks_and_code/Project/python/notebook/img.jpg
270955	2021-03-15T18:54:36.0000000000	migration_data/artifacts/class_notebooks_and_code/Project/python/notebook/mini_project.ipynb
1990	2021-03-15T18:54:36.0000000000	migration_data/artifacts/class_notebooks_and_code/Project/python/notebook/mini_project.py
14169	2021-03-15T18:54:36.0000000000	migration_data/artifacts/class_notebooks_and_code/Project/python/notebook/mini_project_tone.ipynb
4703	2021-03-15T18:54:36.0000000000	migration_data/artifacts/class_notebooks_and_code/Project/python/notebook/mini_project_tone.py
34918339	2026-07-10T13:51:07.0000000000	migration_data/artifacts/class_notebooks_and_code/Project/python/notebook/model/SSD_MobileNet_COCO_trt/ssd_mobilenet_v2_coco.engine
5088	2021-03-15T18:54:36.0000000000	migration_data/artifacts/class_notebooks_and_code/Project/python/notebook/안녕하세요.mp3
4342	2021-03-15T18:54:36.0000000000	migration_data/artifacts/class_notebooks_and_code/Project/python/notebook/non_block_tone.ipynb
2044	2021-03-15T18:54:36.0000000000	migration_data/artifacts/class_notebooks_and_code/Project/python/notebook/non_block_tone.py
10560	2021-03-15T18:54:36.0000000000	migration_data/artifacts/class_notebooks_and_code/Project/python/notebook/play.mp3
358272	2021-03-15T18:30:09.0000000000	migration_data/artifacts/class_notebooks_and_code/Project/python/notebook/test.mp3
5788	2021-03-15T18:54:36.0000000000	migration_data/artifacts/class_notebooks_and_code/Project/python/notebook/Tone.ipynb
2282	2026-07-10T11:03:33.0000000000	migration_data/artifacts/class_notebooks_and_code/Project/python/notebook/udo dmesg -w
41	2026-07-10T13:54:55.0000000000	migration_data/artifacts/class_notebooks_and_code/Project/python/notebook/ws.log
36577761	2026-07-13T16:26:52.3708815200	migration_data/artifacts/class_notebooks_and_code.tar.gz
241	2020-08-26T09:15:12.0000000000	migration_data/artifacts/hanback_board_config/.config/hanback/ap.sh
7222	2020-10-07T16:51:04.0000000000	migration_data/artifacts/hanback_board_config/.config/hanback/board_config.html
10243	2020-10-07T16:10:23.0000000000	migration_data/artifacts/hanback_board_config/.config/hanback/board_config.py
186	2020-12-08T17:26:38.0000000000	migration_data/artifacts/hanback_board_config/.config/hanback/can_enable.sh
56	2020-10-13T23:48:09.0000000000	migration_data/artifacts/hanback_board_config/.config/hanback/demo.sh
5837	2020-10-07T16:51:00.0000000000	migration_data/artifacts/hanback_board_config/.config/hanback/index.html
6529	2020-10-07T16:51:09.0000000000	migration_data/artifacts/hanback_board_config/.config/hanback/lang_config.html
160	2021-02-18T15:51:07.0000000000	migration_data/artifacts/hanback_board_config/.config/hanback/resize.sh
7576	2020-10-07T16:51:13.0000000000	migration_data/artifacts/hanback_board_config/.config/hanback/wifi_config.html
5759	2026-07-13T16:26:53.3746363810	migration_data/artifacts/hanback_board_config.tar.gz
275	2020-07-21T11:26:24.0000000000	migration_data/artifacts/ros_lidar_sources/catkin_ws/src/RPLidar_Hector_SLAM/.git/config
73	2020-07-21T11:26:21.0000000000	migration_data/artifacts/ros_lidar_sources/catkin_ws/src/RPLidar_Hector_SLAM/.git/description
23	2020-07-21T11:26:24.0000000000	migration_data/artifacts/ros_lidar_sources/catkin_ws/src/RPLidar_Hector_SLAM/.git/HEAD
478	2020-07-21T11:26:21.0000000000	migration_data/artifacts/ros_lidar_sources/catkin_ws/src/RPLidar_Hector_SLAM/.git/hooks/applypatch-msg.sample
896	2020-07-21T11:26:21.0000000000	migration_data/artifacts/ros_lidar_sources/catkin_ws/src/RPLidar_Hector_SLAM/.git/hooks/commit-msg.sample
3327	2020-07-21T11:26:21.0000000000	migration_data/artifacts/ros_lidar_sources/catkin_ws/src/RPLidar_Hector_SLAM/.git/hooks/fsmonitor-watchman.sample
189	2020-07-21T11:26:21.0000000000	migration_data/artifacts/ros_lidar_sources/catkin_ws/src/RPLidar_Hector_SLAM/.git/hooks/post-update.sample
424	2020-07-21T11:26:21.0000000000	migration_data/artifacts/ros_lidar_sources/catkin_ws/src/RPLidar_Hector_SLAM/.git/hooks/pre-applypatch.sample
1642	2020-07-21T11:26:21.0000000000	migration_data/artifacts/ros_lidar_sources/catkin_ws/src/RPLidar_Hector_SLAM/.git/hooks/pre-commit.sample
1492	2020-07-21T11:26:21.0000000000	migration_data/artifacts/ros_lidar_sources/catkin_ws/src/RPLidar_Hector_SLAM/.git/hooks/prepare-commit-msg.sample
1348	2020-07-21T11:26:21.0000000000	migration_data/artifacts/ros_lidar_sources/catkin_ws/src/RPLidar_Hector_SLAM/.git/hooks/pre-push.sample
4898	2020-07-21T11:26:21.0000000000	migration_data/artifacts/ros_lidar_sources/catkin_ws/src/RPLidar_Hector_SLAM/.git/hooks/pre-rebase.sample
544	2020-07-21T11:26:21.0000000000	migration_data/artifacts/ros_lidar_sources/catkin_ws/src/RPLidar_Hector_SLAM/.git/hooks/pre-receive.sample
3610	2020-07-21T11:26:21.0000000000	migration_data/artifacts/ros_lidar_sources/catkin_ws/src/RPLidar_Hector_SLAM/.git/hooks/update.sample
20437	2026-07-13T16:22:34.0000000000	migration_data/artifacts/ros_lidar_sources/catkin_ws/src/RPLidar_Hector_SLAM/.git/index
240	2020-07-21T11:26:21.0000000000	migration_data/artifacts/ros_lidar_sources/catkin_ws/src/RPLidar_Hector_SLAM/.git/info/exclude
191	2020-07-21T11:26:24.0000000000	migration_data/artifacts/ros_lidar_sources/catkin_ws/src/RPLidar_Hector_SLAM/.git/logs/HEAD
191	2020-07-21T11:26:24.0000000000	migration_data/artifacts/ros_lidar_sources/catkin_ws/src/RPLidar_Hector_SLAM/.git/logs/refs/heads/master
191	2020-07-21T11:26:24.0000000000	migration_data/artifacts/ros_lidar_sources/catkin_ws/src/RPLidar_Hector_SLAM/.git/logs/refs/remotes/origin/HEAD
7288	2020-07-21T11:26:24.0000000000	migration_data/artifacts/ros_lidar_sources/catkin_ws/src/RPLidar_Hector_SLAM/.git/objects/pack/pack-8f25371a5567b51795387e8b9e684cd0da276a99.idx
218937	2020-07-21T11:26:24.0000000000	migration_data/artifacts/ros_lidar_sources/catkin_ws/src/RPLidar_Hector_SLAM/.git/objects/pack/pack-8f25371a5567b51795387e8b9e684cd0da276a99.pack
114	2020-07-21T11:26:24.0000000000	migration_data/artifacts/ros_lidar_sources/catkin_ws/src/RPLidar_Hector_SLAM/.git/packed-refs
41	2020-07-21T11:26:24.0000000000	migration_data/artifacts/ros_lidar_sources/catkin_ws/src/RPLidar_Hector_SLAM/.git/refs/heads/master
32	2020-07-21T11:26:24.0000000000	migration_data/artifacts/ros_lidar_sources/catkin_ws/src/RPLidar_Hector_SLAM/.git/refs/remotes/origin/HEAD
644	2020-07-21T11:26:24.0000000000	migration_data/artifacts/ros_lidar_sources/catkin_ws/src/RPLidar_Hector_SLAM/hector_slam/hector_compressed_map_transport/CHANGELOG.rst
4761	2020-07-21T11:26:24.0000000000	migration_data/artifacts/ros_lidar_sources/catkin_ws/src/RPLidar_Hector_SLAM/hector_slam/hector_compressed_map_transport/CMakeLists.txt
2618	2020-07-21T11:26:24.0000000000	migration_data/artifacts/ros_lidar_sources/catkin_ws/src/RPLidar_Hector_SLAM/hector_slam/hector_compressed_map_transport/package.xml
9019	2020-07-21T11:26:24.0000000000	migration_data/artifacts/ros_lidar_sources/catkin_ws/src/RPLidar_Hector_SLAM/hector_slam/hector_compressed_map_transport/src/map_to_image_node.cpp
1171	2020-07-21T11:26:24.0000000000	migration_data/artifacts/ros_lidar_sources/catkin_ws/src/RPLidar_Hector_SLAM/hector_slam/hector_geotiff/CHANGELOG.rst
4704	2020-07-21T11:26:24.0000000000	migration_data/artifacts/ros_lidar_sources/catkin_ws/src/RPLidar_Hector_SLAM/hector_slam/hector_geotiff/CMakeLists.txt
4606	2020-07-21T11:26:24.0000000000	migration_data/artifacts/ros_lidar_sources/catkin_ws/src/RPLidar_Hector_SLAM/hector_slam/hector_geotiff/include/hector_geotiff/geotiff_writer.h
2731	2020-07-21T11:26:24.0000000000	migration_data/artifacts/ros_lidar_sources/catkin_ws/src/RPLidar_Hector_SLAM/hector_slam/hector_geotiff/include/hector_geotiff/map_writer_interface.h
2194	2020-07-21T11:26:24.0000000000	migration_data/artifacts/ros_lidar_sources/catkin_ws/src/RPLidar_Hector_SLAM/hector_slam/hector_geotiff/include/hector_geotiff/map_writer_plugin_interface.h
1474	2020-07-21T11:26:24.0000000000	migration_data/artifacts/ros_lidar_sources/catkin_ws/src/RPLidar_Hector_SLAM/hector_slam/hector_geotiff/launch/geotiff_mapper.launch
887	2020-07-21T11:26:24.0000000000	migration_data/artifacts/ros_lidar_sources/catkin_ws/src/RPLidar_Hector_SLAM/hector_slam/hector_geotiff/launch/geotiff_mapper_only.launch
2657	2020-07-21T11:26:24.0000000000	migration_data/artifacts/ros_lidar_sources/catkin_ws/src/RPLidar_Hector_SLAM/hector_slam/hector_geotiff/package.xml
984	2020-07-21T11:26:24.0000000000	migration_data/artifacts/ros_lidar_sources/catkin_ws/src/RPLidar_Hector_SLAM/hector_slam/hector_geotiff_plugins/CHANGELOG.rst
3955	2020-07-21T11:26:24.0000000000	migration_data/artifacts/ros_lidar_sources/catkin_ws/src/RPLidar_Hector_SLAM/hector_slam/hector_geotiff_plugins/CMakeLists.txt
355	2020-07-21T11:26:24.0000000000	migration_data/artifacts/ros_lidar_sources/catkin_ws/src/RPLidar_Hector_SLAM/hector_slam/hector_geotiff_plugins/hector_geotiff_plugins.xml
2262	2020-07-21T11:26:24.0000000000	migration_data/artifacts/ros_lidar_sources/catkin_ws/src/RPLidar_Hector_SLAM/hector_slam/hector_geotiff_plugins/package.xml
4775	2020-07-21T11:26:24.0000000000	migration_data/artifacts/ros_lidar_sources/catkin_ws/src/RPLidar_Hector_SLAM/hector_slam/hector_geotiff_plugins/src/trajectory_geotiff_plugin.cpp
10583	2020-07-21T11:26:24.0000000000	migration_data/artifacts/ros_lidar_sources/catkin_ws/src/RPLidar_Hector_SLAM/hector_slam/hector_geotiff/src/geotiff_node.cpp
3802	2020-07-21T11:26:24.0000000000	migration_data/artifacts/ros_lidar_sources/catkin_ws/src/RPLidar_Hector_SLAM/hector_slam/hector_geotiff/src/geotiff_saver.cpp
19169	2020-07-21T11:26:24.0000000000	migration_data/artifacts/ros_lidar_sources/catkin_ws/src/RPLidar_Hector_SLAM/hector_slam/hector_geotiff/src/geotiff_writer/geotiff_writer.cpp
614	2020-07-21T11:26:24.0000000000	migration_data/artifacts/ros_lidar_sources/catkin_ws/src/RPLidar_Hector_SLAM/hector_slam/hector_imu_attitude_to_tf/CHANGELOG.rst
4110	2020-07-21T11:26:24.0000000000	migration_data/artifacts/ros_lidar_sources/catkin_ws/src/RPLidar_Hector_SLAM/hector_slam/hector_imu_attitude_to_tf/CMakeLists.txt
346	2020-07-21T11:26:24.0000000000	migration_data/artifacts/ros_lidar_sources/catkin_ws/src/RPLidar_Hector_SLAM/hector_slam/hector_imu_attitude_to_tf/launch/example.launch
2190	2020-07-21T11:26:24.0000000000	migration_data/artifacts/ros_lidar_sources/catkin_ws/src/RPLidar_Hector_SLAM/hector_slam/hector_imu_attitude_to_tf/package.xml
3203	2020-07-21T11:26:24.0000000000	migration_data/artifacts/ros_lidar_sources/catkin_ws/src/RPLidar_Hector_SLAM/hector_slam/hector_imu_attitude_to_tf/src/imu_attitude_to_tf_node.cpp
717	2020-07-21T11:26:24.0000000000	migration_data/artifacts/ros_lidar_sources/catkin_ws/src/RPLidar_Hector_SLAM/hector_slam/hector_imu_tools/CHANGELOG.rst
4160	2020-07-21T11:26:24.0000000000	migration_data/artifacts/ros_lidar_sources/catkin_ws/src/RPLidar_Hector_SLAM/hector_slam/hector_imu_tools/CMakeLists.txt
364	2020-07-21T11:26:24.0000000000	migration_data/artifacts/ros_lidar_sources/catkin_ws/src/RPLidar_Hector_SLAM/hector_slam/hector_imu_tools/launch/bertl_robot.launch
313	2020-07-21T11:26:24.0000000000	migration_data/artifacts/ros_lidar_sources/catkin_ws/src/RPLidar_Hector_SLAM/hector_slam/hector_imu_tools/launch/jasmine_robot.launch
2351	2020-07-21T11:26:24.0000000000	migration_data/artifacts/ros_lidar_sources/catkin_ws/src/RPLidar_Hector_SLAM/hector_slam/hector_imu_tools/package.xml
6796	2020-07-21T11:26:24.0000000000	migration_data/artifacts/ros_lidar_sources/catkin_ws/src/RPLidar_Hector_SLAM/hector_slam/hector_imu_tools/src/pose_and_orientation_to_imu_node.cpp
588	2020-07-21T11:26:24.0000000000	migration_data/artifacts/ros_lidar_sources/catkin_ws/src/RPLidar_Hector_SLAM/hector_slam/hector_mapping/CHANGELOG.rst
4829	2020-07-21T11:26:24.0000000000	migration_data/artifacts/ros_lidar_sources/catkin_ws/src/RPLidar_Hector_SLAM/hector_slam/hector_mapping/CMakeLists.txt
11535	2020-07-21T11:26:24.0000000000	migration_data/artifacts/ros_lidar_sources/catkin_ws/src/RPLidar_Hector_SLAM/hector_slam/hector_mapping/include/hector_slam_lib/map/GridMapBase.h
4541	2020-07-21T11:26:24.0000000000	migration_data/artifacts/ros_lidar_sources/catkin_ws/src/RPLidar_Hector_SLAM/hector_slam/hector_mapping/include/hector_slam_lib/map/GridMapCacheArray.h
2282	2020-07-21T11:26:24.0000000000	migration_data/artifacts/ros_lidar_sources/catkin_ws/src/RPLidar_Hector_SLAM/hector_slam/hector_mapping/include/hector_slam_lib/map/GridMap.h
5216	2020-07-21T11:26:24.0000000000	migration_data/artifacts/ros_lidar_sources/catkin_ws/src/RPLidar_Hector_SLAM/hector_slam/hector_mapping/include/hector_slam_lib/map/GridMapLogOdds.h
3212	2020-07-21T11:26:24.0000000000	migration_data/artifacts/ros_lidar_sources/catkin_ws/src/RPLidar_Hector_SLAM/hector_slam/hector_mapping/include/hector_slam_lib/map/GridMapReflectanceCount.h
4152	2020-07-21T11:26:24.0000000000	migration_data/artifacts/ros_lidar_sources/catkin_ws/src/RPLidar_Hector_SLAM/hector_slam/hector_mapping/include/hector_slam_lib/map/GridMapSimpleCount.h
3962	2020-07-21T11:26:24.0000000000	migration_data/artifacts/ros_lidar_sources/catkin_ws/src/RPLidar_Hector_SLAM/hector_slam/hector_mapping/include/hector_slam_lib/map/MapDimensionProperties.h
8791	2020-07-21T11:26:24.0000000000	migration_data/artifacts/ros_lidar_sources/catkin_ws/src/RPLidar_Hector_SLAM/hector_slam/hector_mapping/include/hector_slam_lib/map/OccGridMapBase.h
2484	2020-07-21T11:26:24.0000000000	migration_data/artifacts/ros_lidar_sources/catkin_ws/src/RPLidar_Hector_SLAM/hector_slam/hector_mapping/include/hector_slam_lib/map/OccGridMapUtilConfig.h
12962	2020-07-21T11:26:24.0000000000	migration_data/artifacts/ros_lidar_sources/catkin_ws/src/RPLidar_Hector_SLAM/hector_slam/hector_mapping/include/hector_slam_lib/map/OccGridMapUtil.h
8756	2020-07-21T11:26:24.0000000000	migration_data/artifacts/ros_lidar_sources/catkin_ws/src/RPLidar_Hector_SLAM/hector_slam/hector_mapping/include/hector_slam_lib/matcher/ScanMatcher.h
2949	2020-07-21T11:26:24.0000000000	migration_data/artifacts/ros_lidar_sources/catkin_ws/src/RPLidar_Hector_SLAM/hector_slam/hector_mapping/include/hector_slam_lib/scan/DataPointContainer.h
6046	2020-07-21T11:26:24.0000000000	migration_data/artifacts/ros_lidar_sources/catkin_ws/src/RPLidar_Hector_SLAM/hector_slam/hector_mapping/include/hector_slam_lib/slam_main/HectorSlamProcessor.h
3887	2020-07-21T11:26:24.0000000000	migration_data/artifacts/ros_lidar_sources/catkin_ws/src/RPLidar_Hector_SLAM/hector_slam/hector_mapping/include/hector_slam_lib/slam_main/MapProcContainer.h
6319	2020-07-21T11:26:24.0000000000	migration_data/artifacts/ros_lidar_sources/catkin_ws/src/RPLidar_Hector_SLAM/hector_slam/hector_mapping/include/hector_slam_lib/slam_main/MapRepMultiMap.h
2857	2020-07-21T11:26:24.0000000000	migration_data/artifacts/ros_lidar_sources/catkin_ws/src/RPLidar_Hector_SLAM/hector_slam/hector_mapping/include/hector_slam_lib/slam_main/MapRepresentationInterface.h
3703	2020-07-21T11:26:24.0000000000	migration_data/artifacts/ros_lidar_sources/catkin_ws/src/RPLidar_Hector_SLAM/hector_slam/hector_mapping/include/hector_slam_lib/slam_main/MapRepSingleMap.h
2326	2020-07-21T11:26:24.0000000000	migration_data/artifacts/ros_lidar_sources/catkin_ws/src/RPLidar_Hector_SLAM/hector_slam/hector_mapping/include/hector_slam_lib/util/DrawInterface.h
2131	2020-07-21T11:26:24.0000000000	migration_data/artifacts/ros_lidar_sources/catkin_ws/src/RPLidar_Hector_SLAM/hector_slam/hector_mapping/include/hector_slam_lib/util/HectorDebugInfoInterface.h
2019	2020-07-21T11:26:24.0000000000	migration_data/artifacts/ros_lidar_sources/catkin_ws/src/RPLidar_Hector_SLAM/hector_slam/hector_mapping/include/hector_slam_lib/util/MapLockerInterface.h
3059	2020-07-21T11:26:24.0000000000	migration_data/artifacts/ros_lidar_sources/catkin_ws/src/RPLidar_Hector_SLAM/hector_slam/hector_mapping/include/hector_slam_lib/util/UtilFunctions.h
2283	2020-07-21T11:26:24.0000000000	migration_data/artifacts/ros_lidar_sources/catkin_ws/src/RPLidar_Hector_SLAM/hector_slam/hector_mapping/launch/mapping_default.launch
25	2020-07-21T11:26:24.0000000000	migration_data/artifacts/ros_lidar_sources/catkin_ws/src/RPLidar_Hector_SLAM/hector_slam/hector_mapping/msg/HectorDebugInfo.msg
105	2020-07-21T11:26:24.0000000000	migration_data/artifacts/ros_lidar_sources/catkin_ws/src/RPLidar_Hector_SLAM/hector_slam/hector_mapping/msg/HectorIterData.msg
3296	2020-07-21T11:26:24.0000000000	migration_data/artifacts/ros_lidar_sources/catkin_ws/src/RPLidar_Hector_SLAM/hector_slam/hector_mapping/package.xml
3381	2020-07-21T11:26:24.0000000000	migration_data/artifacts/ros_lidar_sources/catkin_ws/src/RPLidar_Hector_SLAM/hector_slam/hector_mapping/src/HectorDebugInfoProvider.h
5399	2020-07-21T11:26:24.0000000000	migration_data/artifacts/ros_lidar_sources/catkin_ws/src/RPLidar_Hector_SLAM/hector_slam/hector_mapping/src/HectorDrawings.h
358	2020-07-21T11:26:24.0000000000	migration_data/artifacts/ros_lidar_sources/catkin_ws/src/RPLidar_Hector_SLAM/hector_slam/hector_mapping/src/HectorMapMutex.h
19823	2020-07-21T11:26:24.0000000000	migration_data/artifacts/ros_lidar_sources/catkin_ws/src/RPLidar_Hector_SLAM/hector_slam/hector_mapping/src/HectorMappingRos.cpp
6283	2020-07-21T11:26:24.0000000000	migration_data/artifacts/ros_lidar_sources/catkin_ws/src/RPLidar_Hector_SLAM/hector_slam/hector_mapping/src/HectorMappingRos.h
2033	2020-07-21T11:26:24.0000000000	migration_data/artifacts/ros_lidar_sources/catkin_ws/src/RPLidar_Hector_SLAM/hector_slam/hector_mapping/src/main.cpp
2031	2020-07-21T11:26:24.0000000000	migration_data/artifacts/ros_lidar_sources/catkin_ws/src/RPLidar_Hector_SLAM/hector_slam/hector_mapping/src/main_mapper.cpp
3015	2020-07-21T11:26:24.0000000000	migration_data/artifacts/ros_lidar_sources/catkin_ws/src/RPLidar_Hector_SLAM/hector_slam/hector_mapping/src/PoseInfoContainer.cpp
2636	2020-07-21T11:26:24.0000000000	migration_data/artifacts/ros_lidar_sources/catkin_ws/src/RPLidar_Hector_SLAM/hector_slam/hector_mapping/src/PoseInfoContainer.h
522	2020-07-21T11:26:24.0000000000	migration_data/artifacts/ros_lidar_sources/catkin_ws/src/RPLidar_Hector_SLAM/hector_slam/hector_map_server/CHANGELOG.rst
4027	2020-07-21T11:26:24.0000000000	migration_data/artifacts/ros_lidar_sources/catkin_ws/src/RPLidar_Hector_SLAM/hector_slam/hector_map_server/CMakeLists.txt
2573	2020-07-21T11:26:24.0000000000	migration_data/artifacts/ros_lidar_sources/catkin_ws/src/RPLidar_Hector_SLAM/hector_slam/hector_map_server/package.xml
9924	2020-07-21T11:26:24.0000000000	migration_data/artifacts/ros_lidar_sources/catkin_ws/src/RPLidar_Hector_SLAM/hector_slam/hector_map_server/src/hector_map_server.cpp
551	2020-07-21T11:26:24.0000000000	migration_data/artifacts/ros_lidar_sources/catkin_ws/src/RPLidar_Hector_SLAM/hector_slam/hector_map_tools/CHANGELOG.rst
3954	2020-07-21T11:26:24.0000000000	migration_data/artifacts/ros_lidar_sources/catkin_ws/src/RPLidar_Hector_SLAM/hector_slam/hector_map_tools/CMakeLists.txt
9523	2020-07-21T11:26:24.0000000000	migration_data/artifacts/ros_lidar_sources/catkin_ws/src/RPLidar_Hector_SLAM/hector_slam/hector_map_tools/include/hector_map_tools/HectorMapTools.h
2165	2020-07-21T11:26:24.0000000000	migration_data/artifacts/ros_lidar_sources/catkin_ws/src/RPLidar_Hector_SLAM/hector_slam/hector_map_tools/package.xml
565	2020-07-21T11:26:24.0000000000	migration_data/artifacts/ros_lidar_sources/catkin_ws/src/RPLidar_Hector_SLAM/hector_slam/hector_marker_drawing/CHANGELOG.rst
4535	2020-07-21T11:26:24.0000000000	migration_data/artifacts/ros_lidar_sources/catkin_ws/src/RPLidar_Hector_SLAM/hector_slam/hector_marker_drawing/CMakeLists.txt
2522	2020-07-21T11:26:24.0000000000	migration_data/artifacts/ros_lidar_sources/catkin_ws/src/RPLidar_Hector_SLAM/hector_slam/hector_marker_drawing/include/hector_marker_drawing/DrawInterface.h
7822	2020-07-21T11:26:24.0000000000	migration_data/artifacts/ros_lidar_sources/catkin_ws/src/RPLidar_Hector_SLAM/hector_slam/hector_marker_drawing/include/hector_marker_drawing/HectorDrawings.h
2223	2020-07-21T11:26:24.0000000000	migration_data/artifacts/ros_lidar_sources/catkin_ws/src/RPLidar_Hector_SLAM/hector_slam/hector_marker_drawing/package.xml
646	2020-07-21T11:26:24.0000000000	migration_data/artifacts/ros_lidar_sources/catkin_ws/src/RPLidar_Hector_SLAM/hector_slam/hector_nav_msgs/CHANGELOG.rst
4056	2020-07-21T11:26:24.0000000000	migration_data/artifacts/ros_lidar_sources/catkin_ws/src/RPLidar_Hector_SLAM/hector_slam/hector_nav_msgs/CMakeLists.txt
2205	2020-07-21T11:26:24.0000000000	migration_data/artifacts/ros_lidar_sources/catkin_ws/src/RPLidar_Hector_SLAM/hector_slam/hector_nav_msgs/package.xml
243	2020-07-21T11:26:24.0000000000	migration_data/artifacts/ros_lidar_sources/catkin_ws/src/RPLidar_Hector_SLAM/hector_slam/hector_nav_msgs/srv/GetDistanceToObstacle.srv
66	2020-07-21T11:26:24.0000000000	migration_data/artifacts/ros_lidar_sources/catkin_ws/src/RPLidar_Hector_SLAM/hector_slam/hector_nav_msgs/srv/GetNormal.srv
310	2020-07-21T11:26:24.0000000000	migration_data/artifacts/ros_lidar_sources/catkin_ws/src/RPLidar_Hector_SLAM/hector_slam/hector_nav_msgs/srv/GetRecoveryInfo.srv
180	2020-07-21T11:26:24.0000000000	migration_data/artifacts/ros_lidar_sources/catkin_ws/src/RPLidar_Hector_SLAM/hector_slam/hector_nav_msgs/srv/GetRobotTrajectory.srv
191	2020-07-21T11:26:24.0000000000	migration_data/artifacts/ros_lidar_sources/catkin_ws/src/RPLidar_Hector_SLAM/hector_slam/hector_nav_msgs/srv/GetSearchPosition.srv
380	2020-07-21T11:26:24.0000000000	migration_data/artifacts/ros_lidar_sources/catkin_ws/src/RPLidar_Hector_SLAM/hector_slam/hector_slam/CHANGELOG.rst
110	2020-07-21T11:26:24.0000000000	migration_data/artifacts/ros_lidar_sources/catkin_ws/src/RPLidar_Hector_SLAM/hector_slam/hector_slam/CMakeLists.txt
809	2020-07-21T11:26:24.0000000000	migration_data/artifacts/ros_lidar_sources/catkin_ws/src/RPLidar_Hector_SLAM/hector_slam/hector_slam_launch/CHANGELOG.rst
4202	2020-07-21T11:26:24.0000000000	migration_data/artifacts/ros_lidar_sources/catkin_ws/src/RPLidar_Hector_SLAM/hector_slam/hector_slam_launch/CMakeLists.txt
2422	2020-07-21T11:26:24.0000000000	migration_data/artifacts/ros_lidar_sources/catkin_ws/src/RPLidar_Hector_SLAM/hector_slam/hector_slam_launch/launch/cityflyer_logfile_processing.launch
1226	2020-07-21T11:26:24.0000000000	migration_data/artifacts/ros_lidar_sources/catkin_ws/src/RPLidar_Hector_SLAM/hector_slam/hector_slam_launch/launch/hector_ugv.launch
1897	2020-07-21T11:26:24.0000000000	migration_data/artifacts/ros_lidar_sources/catkin_ws/src/RPLidar_Hector_SLAM/hector_slam/hector_slam_launch/launch/height_mapping.launch
2220	2020-07-21T11:26:24.0000000000	migration_data/artifacts/ros_lidar_sources/catkin_ws/src/RPLidar_Hector_SLAM/hector_slam/hector_slam_launch/launch/mapping_box.launch
1427	2020-07-21T11:26:24.0000000000	migration_data/artifacts/ros_lidar_sources/catkin_ws/src/RPLidar_Hector_SLAM/hector_slam/hector_slam_launch/launch/mpo700_mapping.launch
691	2020-07-21T11:26:24.0000000000	migration_data/artifacts/ros_lidar_sources/catkin_ws/src/RPLidar_Hector_SLAM/hector_slam/hector_slam_launch/launch/postproc_data.launch
703	2020-07-21T11:26:24.0000000000	migration_data/artifacts/ros_lidar_sources/catkin_ws/src/RPLidar_Hector_SLAM/hector_slam/hector_slam_launch/launch/postproc_qut_logs.launch
2267	2020-07-21T11:26:24.0000000000	migration_data/artifacts/ros_lidar_sources/catkin_ws/src/RPLidar_Hector_SLAM/hector_slam/hector_slam_launch/launch/pr2os.launch
582	2020-07-21T11:26:24.0000000000	migration_data/artifacts/ros_lidar_sources/catkin_ws/src/RPLidar_Hector_SLAM/hector_slam/hector_slam_launch/launch/tutorial.launch
2238	2020-07-21T11:26:24.0000000000	migration_data/artifacts/ros_lidar_sources/catkin_ws/src/RPLidar_Hector_SLAM/hector_slam/hector_slam_launch/package.xml
4285	2020-07-21T11:26:24.0000000000	migration_data/artifacts/ros_lidar_sources/catkin_ws/src/RPLidar_Hector_SLAM/hector_slam/hector_slam_launch/rviz_cfg/mapping_demo.rviz
2528	2020-07-21T11:26:24.0000000000	migration_data/artifacts/ros_lidar_sources/catkin_ws/src/RPLidar_Hector_SLAM/hector_slam/hector_slam/package.xml
1026	2020-07-21T11:26:24.0000000000	migration_data/artifacts/ros_lidar_sources/catkin_ws/src/RPLidar_Hector_SLAM/hector_slam/hector_trajectory_server/CHANGELOG.rst
4053	2020-07-21T11:26:24.0000000000	migration_data/artifacts/ros_lidar_sources/catkin_ws/src/RPLidar_Hector_SLAM/hector_slam/hector_trajectory_server/CMakeLists.txt
2419	2020-07-21T11:26:24.0000000000	migration_data/artifacts/ros_lidar_sources/catkin_ws/src/RPLidar_Hector_SLAM/hector_slam/hector_trajectory_server/package.xml
9800	2020-07-21T11:26:24.0000000000	migration_data/artifacts/ros_lidar_sources/catkin_ws/src/RPLidar_Hector_SLAM/hector_slam/hector_trajectory_server/src/hector_trajectory_server.cpp
83	2020-07-21T11:26:24.0000000000	migration_data/artifacts/ros_lidar_sources/catkin_ws/src/RPLidar_Hector_SLAM/hector_slam/README.txt
1575	2020-07-21T11:26:24.0000000000	migration_data/artifacts/ros_lidar_sources/catkin_ws/src/RPLidar_Hector_SLAM/README.md
1037	2020-07-21T11:26:24.0000000000	migration_data/artifacts/ros_lidar_sources/catkin_ws/src/RPLidar_Hector_SLAM/rplidar_ros/CHANGELOG.rst
996	2020-07-21T11:26:24.0000000000	migration_data/artifacts/ros_lidar_sources/catkin_ws/src/RPLidar_Hector_SLAM/rplidar_ros/CMakeLists.txt
459	2020-07-21T11:26:24.0000000000	migration_data/artifacts/ros_lidar_sources/catkin_ws/src/RPLidar_Hector_SLAM/rplidar_ros/launch/rplidar.launch
573	2020-07-21T11:26:24.0000000000	migration_data/artifacts/ros_lidar_sources/catkin_ws/src/RPLidar_Hector_SLAM/rplidar_ros/launch/test_rplidar.launch
264	2020-07-21T11:26:24.0000000000	migration_data/artifacts/ros_lidar_sources/catkin_ws/src/RPLidar_Hector_SLAM/rplidar_ros/launch/view_rplidar.launch
1355	2020-07-21T11:26:24.0000000000	migration_data/artifacts/ros_lidar_sources/catkin_ws/src/RPLidar_Hector_SLAM/rplidar_ros/LICENSE
632	2020-07-21T11:26:24.0000000000	migration_data/artifacts/ros_lidar_sources/catkin_ws/src/RPLidar_Hector_SLAM/rplidar_ros/package.xml
1345	2020-07-21T11:26:24.0000000000	migration_data/artifacts/ros_lidar_sources/catkin_ws/src/RPLidar_Hector_SLAM/rplidar_ros/README.md
33994	2020-07-21T11:26:24.0000000000	migration_data/artifacts/ros_lidar_sources/catkin_ws/src/RPLidar_Hector_SLAM/rplidar_ros/rplidar_A1.png
47081	2020-07-21T11:26:24.0000000000	migration_data/artifacts/ros_lidar_sources/catkin_ws/src/RPLidar_Hector_SLAM/rplidar_ros/rplidar_A2.png
4006	2020-07-21T11:26:24.0000000000	migration_data/artifacts/ros_lidar_sources/catkin_ws/src/RPLidar_Hector_SLAM/rplidar_ros/rviz/rplidar.rviz
463	2020-07-21T11:26:24.0000000000	migration_data/artifacts/ros_lidar_sources/catkin_ws/src/RPLidar_Hector_SLAM/rplidar_ros/scripts/create_udev_rules.sh
281	2020-07-21T11:26:24.0000000000	migration_data/artifacts/ros_lidar_sources/catkin_ws/src/RPLidar_Hector_SLAM/rplidar_ros/scripts/delete_udev_rules.sh
169	2020-07-21T11:26:24.0000000000	migration_data/artifacts/ros_lidar_sources/catkin_ws/src/RPLidar_Hector_SLAM/rplidar_ros/scripts/rplidar.rules
5799	2020-07-21T11:26:24.0000000000	migration_data/artifacts/ros_lidar_sources/catkin_ws/src/RPLidar_Hector_SLAM/rplidar_ros/sdk/include/rplidar_cmd.h
10355	2020-07-21T11:26:24.0000000000	migration_data/artifacts/ros_lidar_sources/catkin_ws/src/RPLidar_Hector_SLAM/rplidar_ros/sdk/include/rplidar_driver.h
1672	2020-07-21T11:26:24.0000000000	migration_data/artifacts/ros_lidar_sources/catkin_ws/src/RPLidar_Hector_SLAM/rplidar_ros/sdk/include/rplidar.h
2424	2020-07-21T11:26:24.0000000000	migration_data/artifacts/ros_lidar_sources/catkin_ws/src/RPLidar_Hector_SLAM/rplidar_ros/sdk/include/rplidar_protocol.h
3455	2020-07-21T11:26:24.0000000000	migration_data/artifacts/ros_lidar_sources/catkin_ws/src/RPLidar_Hector_SLAM/rplidar_ros/sdk/include/rptypes.h
1636	2020-07-21T11:26:24.0000000000	migration_data/artifacts/ros_lidar_sources/catkin_ws/src/RPLidar_Hector_SLAM/rplidar_ros/sdk/README.txt
1997	2020-07-21T11:26:24.0000000000	migration_data/artifacts/ros_lidar_sources/catkin_ws/src/RPLidar_Hector_SLAM/rplidar_ros/sdk/src/arch/linux/arch_linux.h
8105	2020-07-21T11:26:24.0000000000	migration_data/artifacts/ros_lidar_sources/catkin_ws/src/RPLidar_Hector_SLAM/rplidar_ros/sdk/src/arch/linux/net_serial.cpp
2741	2020-07-21T11:26:24.0000000000	migration_data/artifacts/ros_lidar_sources/catkin_ws/src/RPLidar_Hector_SLAM/rplidar_ros/sdk/src/arch/linux/net_serial.h
4187	2020-07-21T11:26:24.0000000000	migration_data/artifacts/ros_lidar_sources/catkin_ws/src/RPLidar_Hector_SLAM/rplidar_ros/sdk/src/arch/linux/thread.hpp
1892	2020-07-21T11:26:24.0000000000	migration_data/artifacts/ros_lidar_sources/catkin_ws/src/RPLidar_Hector_SLAM/rplidar_ros/sdk/src/arch/linux/timer.cpp
1885	2020-07-21T11:26:24.0000000000	migration_data/artifacts/ros_lidar_sources/catkin_ws/src/RPLidar_Hector_SLAM/rplidar_ros/sdk/src/arch/linux/timer.h
1989	2020-07-21T11:26:24.0000000000	migration_data/artifacts/ros_lidar_sources/catkin_ws/src/RPLidar_Hector_SLAM/rplidar_ros/sdk/src/arch/macOS/arch_macOS.h
8198	2020-07-21T11:26:24.0000000000	migration_data/artifacts/ros_lidar_sources/catkin_ws/src/RPLidar_Hector_SLAM/rplidar_ros/sdk/src/arch/macOS/net_serial.cpp
2777	2020-07-21T11:26:24.0000000000	migration_data/artifacts/ros_lidar_sources/catkin_ws/src/RPLidar_Hector_SLAM/rplidar_ros/sdk/src/arch/macOS/net_serial.h
2514	2020-07-21T11:26:24.0000000000	migration_data/artifacts/ros_lidar_sources/catkin_ws/src/RPLidar_Hector_SLAM/rplidar_ros/sdk/src/arch/macOS/thread.hpp
1804	2020-07-21T11:26:24.0000000000	migration_data/artifacts/ros_lidar_sources/catkin_ws/src/RPLidar_Hector_SLAM/rplidar_ros/sdk/src/arch/macOS/timer.cpp
1885	2020-07-21T11:26:24.0000000000	migration_data/artifacts/ros_lidar_sources/catkin_ws/src/RPLidar_Hector_SLAM/rplidar_ros/sdk/src/arch/macOS/timer.h
1992	2020-07-21T11:26:24.0000000000	migration_data/artifacts/ros_lidar_sources/catkin_ws/src/RPLidar_Hector_SLAM/rplidar_ros/sdk/src/arch/win32/arch_win32.h
9119	2020-07-21T11:26:24.0000000000	migration_data/artifacts/ros_lidar_sources/catkin_ws/src/RPLidar_Hector_SLAM/rplidar_ros/sdk/src/arch/win32/net_serial.cpp
2855	2020-07-21T11:26:24.0000000000	migration_data/artifacts/ros_lidar_sources/catkin_ws/src/RPLidar_Hector_SLAM/rplidar_ros/sdk/src/arch/win32/net_serial.h
2032	2020-07-21T11:26:24.0000000000	migration_data/artifacts/ros_lidar_sources/catkin_ws/src/RPLidar_Hector_SLAM/rplidar_ros/sdk/src/arch/win32/timer.cpp
1707	2020-07-21T11:26:24.0000000000	migration_data/artifacts/ros_lidar_sources/catkin_ws/src/RPLidar_Hector_SLAM/rplidar_ros/sdk/src/arch/win32/timer.h
4269	2020-07-21T11:26:24.0000000000	migration_data/artifacts/ros_lidar_sources/catkin_ws/src/RPLidar_Hector_SLAM/rplidar_ros/sdk/src/arch/win32/winthread.hpp
2701	2020-07-21T11:26:24.0000000000	migration_data/artifacts/ros_lidar_sources/catkin_ws/src/RPLidar_Hector_SLAM/rplidar_ros/sdk/src/hal/abs_rxtx.h
5143	2020-07-21T11:26:24.0000000000	migration_data/artifacts/ros_lidar_sources/catkin_ws/src/RPLidar_Hector_SLAM/rplidar_ros/sdk/src/hal/event.h
4220	2020-07-21T11:26:24.0000000000	migration_data/artifacts/ros_lidar_sources/catkin_ws/src/RPLidar_Hector_SLAM/rplidar_ros/sdk/src/hal/locker.h
1804	2020-07-21T11:26:24.0000000000	migration_data/artifacts/ros_lidar_sources/catkin_ws/src/RPLidar_Hector_SLAM/rplidar_ros/sdk/src/hal/thread.cpp
2787	2020-07-21T11:26:24.0000000000	migration_data/artifacts/ros_lidar_sources/catkin_ws/src/RPLidar_Hector_SLAM/rplidar_ros/sdk/src/hal/thread.h
2268	2020-07-21T11:26:24.0000000000	migration_data/artifacts/ros_lidar_sources/catkin_ws/src/RPLidar_Hector_SLAM/rplidar_ros/sdk/src/hal/util.h
32677	2020-07-21T11:26:24.0000000000	migration_data/artifacts/ros_lidar_sources/catkin_ws/src/RPLidar_Hector_SLAM/rplidar_ros/sdk/src/rplidar_driver.cpp
4878	2020-07-21T11:26:24.0000000000	migration_data/artifacts/ros_lidar_sources/catkin_ws/src/RPLidar_Hector_SLAM/rplidar_ros/sdk/src/rplidar_driver_serial.h
1772	2020-07-21T11:26:24.0000000000	migration_data/artifacts/ros_lidar_sources/catkin_ws/src/RPLidar_Hector_SLAM/rplidar_ros/sdk/src/sdkcommon.h
2341	2020-07-21T11:26:24.0000000000	migration_data/artifacts/ros_lidar_sources/catkin_ws/src/RPLidar_Hector_SLAM/rplidar_ros/src/client.cpp
11392	2020-07-21T11:26:24.0000000000	migration_data/artifacts/ros_lidar_sources/catkin_ws/src/RPLidar_Hector_SLAM/rplidar_ros/src/node.cpp
421447	2026-07-13T16:26:53.0863653030	migration_data/artifacts/ros_lidar_sources.tar.gz
140235310	2026-07-13T16:27:04.9173370020	migration_data/artifacts/vendor_python_sources.tar.gz
83369	2021-01-11T11:19:42.0000000000	migration_data/artifacts/vendor_python_sources/usr/local/lib/python3.6/dist-packages/pop/AI.py
9621	2020-10-13T18:15:04.0000000000	migration_data/artifacts/vendor_python_sources/usr/local/lib/python3.6/dist-packages/pop/CAN.py
8198	2020-08-27T11:51:48.0000000000	migration_data/artifacts/vendor_python_sources/usr/local/lib/python3.6/dist-packages/pop/Dataset.py
108675	2021-03-15T18:16:47.0000000000	migration_data/artifacts/vendor_python_sources/usr/local/lib/python3.6/dist-packages/pop/__init__.py
84024	2020-08-27T11:51:48.0000000000	migration_data/artifacts/vendor_python_sources/usr/local/lib/python3.6/dist-packages/pop/libssd_tensorrt.so
28	2020-08-27T11:51:48.0000000000	migration_data/artifacts/vendor_python_sources/usr/local/lib/python3.6/dist-packages/pop/LiDAR/__init__.py
37554	2020-08-27T11:51:48.0000000000	migration_data/artifacts/vendor_python_sources/usr/local/lib/python3.6/dist-packages/pop/LiDAR/__pycache__/fastestrplidar.cpython-36.pyc
182	2021-03-15T18:17:16.0000000000	migration_data/artifacts/vendor_python_sources/usr/local/lib/python3.6/dist-packages/pop/LiDAR/__pycache__/__init__.cpython-36.pyc
38255	2021-03-15T18:17:16.0000000000	migration_data/artifacts/vendor_python_sources/usr/local/lib/python3.6/dist-packages/pop/LiDAR/__pycache__/rplidar.cpython-36.pyc
27492	2020-08-27T11:51:48.0000000000	migration_data/artifacts/vendor_python_sources/usr/local/lib/python3.6/dist-packages/pop/LiDAR/rplidar.py
2360248	2020-08-27T11:51:48.0000000000	migration_data/artifacts/vendor_python_sources/usr/local/lib/python3.6/dist-packages/pop/LiDAR/_rplidar.so
224611	2021-01-11T11:24:11.0000000000	migration_data/artifacts/vendor_python_sources/usr/local/lib/python3.6/dist-packages/pop/model/FaceNet/model/3.6/FaceNet.json
234963	2020-08-27T11:51:48.0000000000	migration_data/artifacts/vendor_python_sources/usr/local/lib/python3.6/dist-packages/pop/model/FaceNet/models/3.6/FaceNet.json
92190816	2020-08-27T11:51:48.0000000000	migration_data/artifacts/vendor_python_sources/usr/local/lib/python3.6/dist-packages/pop/model/FaceNet/weights/FaceNet.h5
34918339	2020-08-27T11:51:48.0000000000	migration_data/artifacts/vendor_python_sources/usr/local/lib/python3.6/dist-packages/pop/model/SSD_MobileNet_COCO_trt/ssd_mobilenet_v2_coco.engine
627	2020-10-21T10:06:52.0000000000	migration_data/artifacts/vendor_python_sources/usr/local/lib/python3.6/dist-packages/pop/model/yolov4-tiny/coco.names
24251276	2020-10-21T10:12:07.0000000000	migration_data/artifacts/vendor_python_sources/usr/local/lib/python3.6/dist-packages/pop/model/yolov4-tiny/yolov4-tiny.weights
77180	2021-03-15T18:16:47.0000000000	migration_data/artifacts/vendor_python_sources/usr/local/lib/python3.6/dist-packages/pop/Pilot.py
50315	2021-01-11T11:19:58.0000000000	migration_data/artifacts/vendor_python_sources/usr/local/lib/python3.6/dist-packages/pop/__pycache__/AI.cpython-36.pyc
9450	2020-10-13T18:42:54.0000000000	migration_data/artifacts/vendor_python_sources/usr/local/lib/python3.6/dist-packages/pop/__pycache__/CAN.cpython-36.pyc
100782	2021-03-15T18:16:55.0000000000	migration_data/artifacts/vendor_python_sources/usr/local/lib/python3.6/dist-packages/pop/__pycache__/__init__.cpython-36.pyc
64164	2021-03-15T18:17:12.0000000000	migration_data/artifacts/vendor_python_sources/usr/local/lib/python3.6/dist-packages/pop/__pycache__/Pilot.cpython-36.pyc
925131	2021-01-11T10:52:16.0000000000	migration_data/artifacts/vendor_python_sources/usr/local/lib/python3.6/dist-packages/pop/__pycache__/Util.cpython-36.pyc
9844	2020-09-25T16:17:45.0000000000	migration_data/artifacts/vendor_python_sources/usr/local/lib/python3.6/dist-packages/pop/ROS.py
1530631	2020-08-27T11:51:48.0000000000	migration_data/artifacts/vendor_python_sources/usr/local/lib/python3.6/dist-packages/pop/Util.py
38498	2020-07-16T14:41:24.0000000000	migration_data/artifacts/vendor_python_sources/usr/local/lib/python3.6/dist-packages/pyaudio.py
12850	2021-02-18T19:38:47.0000000000	migration_data/artifacts/vendor_python_sources/usr/local/lib/python3.6/dist-packages/rplidar.py
3702	2026-07-13T16:49:27.1946935860	migration_data/docs/CURRENT_SYSTEM_BASELINE.md
3512	2026-07-13T16:43:58.8384460840	migration_data/docs/CURRENT_SYSTEM_BASELINE.md.orig
1879	2026-07-13T16:43:58.8387545540	migration_data/docs/KNOWN_WORKING_CODE_INDEX.md
2186	2026-07-13T16:43:58.8386000700	migration_data/docs/RESTORE_CHECKLIST.md
1959	2026-07-13T16:49:27.1945721890	migration_data/docs/TEST_MATRIX.md
1786	2026-07-13T16:43:58.8386799290	migration_data/docs/TEST_MATRIX.md.orig
6103	2026-07-13T16:43:58.8384953830	migration_data/docs/UBUNTU_20_04_MIGRATION_GUIDE.md
220	2026-07-13T16:26:45.7905079550	migration_data/raw/configs/home/bash_logout
3619	2026-07-13T16:26:44.3774496360	migration_data/raw/configs/home/bashrc
77	2026-07-13T16:26:48.2135828950	migration_data/raw/configs/home/jupyter__custom__custom.css
36088	2026-07-13T16:26:47.7496206560	migration_data/raw/configs/home/jupyter__jupyter_notebook_config.py
807	2026-07-13T16:26:45.3271923460	migration_data/raw/configs/home/profile
12218	2026-07-13T16:26:46.7296676410	migration_data/raw/configs/home/python_history
432	2026-07-13T16:26:46.2677157930	migration_data/raw/configs/home/tmux.conf
13068	2026-07-13T16:26:47.2424709100	migration_data/raw/configs/home/zsh_history
4471	2026-07-13T16:26:44.8465998760	migration_data/raw/configs/home/zshrc
35338	2026-07-13T16:26:43.9065665710	migration_data/raw/reports/privileged_hardware_inventory.txt
643932	2026-07-13T16:39:02.2217879860	migration_data/raw/reports/system_inventory.txt
96	2026-07-13T16:51:04.2497088110	migration_data/reports/artifact_validation.txt
6000	2026-07-13T16:50:11.2647284530	migration_data/reports/baseline_tests/audio_inventory.txt
238	2026-07-13T16:50:12.2103968640	migration_data/reports/baseline_tests/camera_inventory.txt
984	2026-07-13T16:50:12.5971680180	migration_data/reports/baseline_tests/gpio_can_inventory.txt
1006	2026-07-13T16:50:00.8674759920	migration_data/reports/baseline_tests/health.txt
2237	2026-07-13T16:50:14.9156415490	migration_data/reports/baseline_tests/i2c.txt
511	2026-07-13T16:50:10.7296553940	migration_data/reports/baseline_tests/jupyter_tmux.txt
1635	2026-07-13T16:50:15.2340132960	migration_data/reports/baseline_tests/lidar.txt
43397	2026-07-13T16:48:15.6872915290	migration_data/reports/checksum_verification.txt
26	2026-07-13T16:39:02.2319824220	migration_data/reports/collected_at.txt
87	2026-07-13T16:39:02.2323187440	migration_data/reports/source.txt
875	2026-07-13T16:37:40.1881182680	migration_data/scripts/collect_inventory_only.sh
3805	2026-07-13T16:47:43.6849701540	migration_data/scripts/collect_remote.sh
3736	2026-07-13T16:31:06.9998254620	migration_data/scripts/collect_remote.sh.orig
130	2026-07-13T16:16:17.7703131860	migration_data/scripts/README.md
1130	2026-07-13T16:25:13.9130523220	migration_data/scripts/redact_sensitive.py
7218	2026-07-13T16:36:56.5736583250	migration_data/scripts/remote_inventory.sh
7040	2026-07-13T16:36:40.0531630650	migration_data/scripts/remote_inventory.sh.orig
1331	2026-07-13T16:49:27.1944090920	migration_data/scripts/run_baseline_tests.sh
1237	2026-07-13T16:32:38.2805927490	migration_data/scripts/run_baseline_tests.sh.orig
2655	2026-07-13T16:41:42.4953155370	migration_data/tests/remote_health_check.sh
2445	2026-07-13T16:21:06.2658067460	migration_data/tests/remote_health_check.sh.orig
701	2026-07-13T16:21:06.2720040140	migration_data/tests/test_audio.sh
771	2026-07-13T16:48:59.2125634810	migration_data/tests/test_camera.sh
1006	2026-07-13T16:48:59.2126459750	migration_data/tests/test_gpio_can.sh
275	2026-07-13T16:21:06.2690932980	migration_data/tests/test_i2c_inventory.sh
797	2026-07-13T16:21:06.2759354330	migration_data/tests/test_jupyter_tmux.sh
681	2026-07-13T16:21:06.2794665760	migration_data/tests/test_lidar.sh
2513	2026-07-13T16:21:06.2830143400	migration_data/tests/validate_artifacts.py
